cor_char,IS_cor_r,IS_cor_p,IS_CI_left,IS_CI_right,IS_adj.p,cor_char,IR_cor_r,IR_cor_p,IR_CI_left,IR_CI_right,IR_adj.p,Sig_num
phylum_Actinobacteria vs phylum_Bacteroidetes,-0.316361775,3.68E-05,-0.448670395,-0.17048273,0.00052065,phylum_Actinobacteria vs phylum_Bacteroidetes,-0.388221242,7.73E-07,-0.516356644,-0.243083633,1.82E-05,2
phylum_Actinobacteria vs phylum_Firmicutes,0.226491621,0.003541891,0.074912404,0.36784062,0.023251764,phylum_Actinobacteria vs phylum_Firmicutes,0.127081466,0.118721041,-0.033869863,0.281607694,0.301216749,1
phylum_Actinobacteria vs phylum_Proteobacteria,-0.290671804,0.000159495,-0.425783528,-0.142880281,0.0017739,phylum_Actinobacteria vs phylum_Proteobacteria,-0.308013624,0.000113209,-0.44624717,-0.155424265,0.001569231,2
phylum_Actinobacteria vs phylum_Verrucomicrobia,-0.410731593,4.69E-08,-0.531279551,-0.273881883,1.47E-06,phylum_Actinobacteria vs phylum_Verrucomicrobia,-0.204479685,0.011506032,-0.353167822,-0.045716292,0.064634276,1
class_Actinobacteria vs class_Bacteroidia,-0.28507611,0.000215679,-0.420775358,-0.136898354,0.00229789,class_Actinobacteria vs class_Bacteroidia,-0.3287128,3.55E-05,-0.464504236,-0.17781877,0.000576808,2
class_Actinobacteria vs class_Clostridia,0.293969094,0.00013312,0.146410222,0.428730744,0.00152903,class_Actinobacteria vs class_Clostridia,0.073871022,0.365750744,-0.087425507,0.231393158,0.594801495,1
class_Actinobacteria vs class_Gammaproteobacteria,-0.256642197,0.000909167,-0.395198442,-0.106667916,0.00751051,class_Actinobacteria vs class_Gammaproteobacteria,-0.188022752,0.020357489,-0.33809648,-0.028623739,0.095496006,1
order_Bacteroidales vs order_Burkholderiales,0.320972079,2.78E-05,0.175460595,0.452759371,0.000408243,order_Bacteroidales vs order_Burkholderiales,0.401987425,2.85E-07,0.258370961,0.528219409,7.29E-06,2
order_Bacteroidales vs order_Coriobacteriales,-0.268827027,0.000500236,-0.406185328,-0.119588752,0.004534939,order_Bacteroidales vs order_Coriobacteriales,-0.299144872,0.000181286,-0.438389391,-0.145876891,0.002355173,2
order_Bacteroidales vs order_Lactobacillales,-0.297046058,0.000112233,-0.431478442,-0.149707685,0.001327292,order_Bacteroidales vs order_Lactobacillales,-0.211340197,0.008957853,-0.359428004,-0.05286934,0.055050959,1
family_Acidaminococcaceae vs family_Bacteroidaceae,-0.005862634,0.940608781,-0.15991353,0.148467036,0.96864861,family_Acidaminococcaceae vs family_Bacteroidaceae,0.290237652,0.00028657,0.136316754,0.430476046,0.003438841,1
family_Acidaminococcaceae vs family_Erysipelotrichaceae,-0.336808232,1.03E-05,-0.466762695,-0.192616161,0.000182067,family_Acidaminococcaceae vs family_Erysipelotrichaceae,-0.186487494,0.021424933,-0.336686546,-0.027033924,0.098725208,1
family_Acidaminococcaceae vs family_Rikenellaceae,0.06096802,0.438031599,-0.094112184,0.213159566,0.651688121,family_Acidaminococcaceae vs family_Rikenellaceae,0.256890524,0.001399256,0.100777995,0.40065713,0.012942405,1
family_Acidaminococcaceae vs family_Sutterellaceae,0.257449505,0.000874642,0.107522425,0.395927608,0.007251574,family_Acidaminococcaceae vs family_Sutterellaceae,0.244659236,0.002383388,0.087841945,0.389643067,0.019407588,2
family_Acidaminococcaceae vs family_Veillonellaceae,-0.203107029,0.009096929,-0.346452232,-0.050492919,0.048460277,family_Acidaminococcaceae vs family_Veillonellaceae,-0.218971399,0.006721244,-0.366375812,-0.06084509,0.04447637,2
family_Acidaminococcaceae vs family_unclassified_Clostridiales,-0.251293379,0.001171394,-0.390362936,-0.101011964,0.009210478,family_Acidaminococcaceae vs family_unclassified_Clostridiales,-0.094456333,0.247062973,-0.250919511,0.066816645,0.470098024,1
family_Acidaminococcaceae vs family_unclassified_Firmicutes,-0.138930318,0.07603308,-0.28697801,0.015599314,0.219159825,family_Acidaminococcaceae vs family_unclassified_Firmicutes,-0.346642274,1.22E-05,-0.480225624,-0.197343875,0.000228985,1
genus_Akkermansia vs genus_Clostridium.XVIII,-0.209015843,0.007231977,-0.351870754,-0.056646048,0.04081413,genus_Akkermansia vs genus_Clostridium.XVIII,-0.043930822,0.590988522,-0.202764799,0.117155528,0.773287707,1
genus_Akkermansia vs genus_Faecalibacterium,-0.182278496,0.019488393,-0.327275382,-0.028895182,0.083916026,genus_Akkermansia vs genus_Faecalibacterium,-0.287255621,0.000332946,-0.427821927,-0.133122527,0.003882951,1
genus_Akkermansia vs genus_Roseburia,-0.20953936,0.007084418,-0.35235037,-0.057191771,0.04018028,genus_Akkermansia vs genus_Roseburia,-0.040317952,0.62189221,-0.199291771,0.12072362,0.795687003,1
genus_Akkermansia vs genus_unclassified_Clostridiales,0.067480387,0.390594428,-0.087626842,0.219393022,0.603152926,genus_Akkermansia vs genus_unclassified_Clostridiales,0.215302301,0.007725689,0.057007811,0.363037342,0.04920271,1
genus_Alistipes vs genus_Bacteroides,0.298036599,0.000106189,0.150769907,0.432362454,0.001277628,genus_Alistipes vs genus_Bacteroides,0.425238507,4.74E-08,0.284355639,0.548144341,1.40E-06,2
genus_Alistipes vs genus_Bilophila,-0.091062709,0.246186042,-0.24186207,0.064031848,0.45653044,genus_Alistipes vs genus_Bilophila,-0.21957518,0.006567586,-0.366924822,-0.061476995,0.043848013,1
genus_Alistipes vs genus_Butyricimonas,0.277464856,0.000321916,0.12877906,0.413949953,0.00311879,genus_Alistipes vs genus_Butyricimonas,0.153150722,0.059604151,-0.007289724,0.305904087,0.195114807,1
genus_Alistipes vs genus_Clostridium.XI,-0.203545542,0.008945181,-0.346854688,-0.050949166,0.047875615,genus_Alistipes vs genus_Clostridium.XI,-0.18362649,0.023543266,-0.334057291,-0.024073402,0.105149161,1
genus_Alistipes vs genus_Clostridium.XVIII,-0.054865767,0.485317145,-0.207307392,0.100177194,0.690282651,genus_Alistipes vs genus_Clostridium.XVIII,-0.249779306,0.00191305,-0.394258653,-0.093250602,0.016206682,1
genus_Alistipes vs genus_Clostridium.XlVa,-0.11996837,0.125985745,-0.2691843,0.034872172,0.303323651,genus_Alistipes vs genus_Clostridium.XlVa,-0.372198597,2.34E-06,-0.502487206,-0.225380838,5.25E-05,1
genus_Alistipes vs genus_Clostridium.XlVb,0.133477475,0.08839898,-0.021153352,0.281871558,0.244029409,genus_Alistipes vs genus_Clostridium.XlVb,-0.343705585,1.46E-05,-0.477656465,-0.194137704,0.000269782,1
genus_Alistipes vs genus_Clostridium.sensu.stricto,-0.206600282,0.007948815,-0.349656784,-0.054129211,0.043723278,genus_Alistipes vs genus_Clostridium.sensu.stricto,-0.117726322,0.14860565,-0.272840173,0.043353148,0.345559287,1
genus_Alistipes vs genus_Collinsella,-0.155844908,0.04629257,-0.302764753,-0.001690065,0.155216265,genus_Alistipes vs genus_Collinsella,-0.265433847,0.000949888,-0.408325676,-0.109844999,0.00935527,1
genus_Alistipes vs genus_Faecalibacterium,0.062324604,0.427888156,-0.092762315,0.214459072,0.639308648,genus_Alistipes vs genus_Faecalibacterium,0.272551568,0.000681167,0.117418842,0.414699227,0.007156959,1
genus_Alistipes vs genus_Holdemania,-0.13755622,0.079009119,-0.285691994,0.016999812,0.22588187,genus_Alistipes vs genus_Holdemania,-0.255950675,0.001459036,-0.399812283,-0.099782116,0.013359851,1
genus_Alistipes vs genus_Odoribacter,0.393500301,1.86E-07,0.254762823,0.516364827,5.18E-06,genus_Alistipes vs genus_Odoribacter,0.514663917,1.18E-11,0.386261564,0.623498752,4.84E-10,2
genus_Alistipes vs genus_Oscillibacter,0.232567089,0.002728902,0.081286635,0.373373092,0.018740652,genus_Alistipes vs genus_Oscillibacter,0.329777754,3.34E-05,0.178975189,0.465440434,0.000544118,2
genus_Alistipes vs genus_Parabacteroides,0.261513997,0.000718407,0.11182792,0.399596035,0.006192691,genus_Alistipes vs genus_Parabacteroides,0.528036904,2.73E-12,0.401775203,0.634596349,1.13E-10,2
genus_Alistipes vs genus_Phascolarctobacterium,-0.069590431,0.375914057,-0.221410041,0.08552273,0.589061203,genus_Alistipes vs genus_Phascolarctobacterium,0.254578658,0.001550496,0.098328867,0.398578514,0.013884983,1
genus_Alistipes vs genus_Roseburia,-0.272510471,0.000415251,-0.409498837,-0.123504665,0.003840857,genus_Alistipes vs genus_Roseburia,-0.122480834,0.132775752,-0.277299263,0.038537136,0.323774026,1
genus_Alistipes vs genus_Veillonella,-0.02493542,0.751292172,-0.17844477,0.12975895,0.865124319,genus_Alistipes vs genus_Veillonella,-0.256196245,0.001443196,-0.400033054,-0.100042296,0.013268088,1
genus_Alistipes vs genus_unclassified_Bacteria,0.086159052,0.272651889,-0.068952461,0.237203185,0.488140013,genus_Alistipes vs genus_unclassified_Bacteria,0.241848876,0.002683959,0.084877107,0.387106514,0.021434067,1
genus_Alistipes vs genus_unclassified_Clostridiales,0.118199575,0.131707005,-0.036664116,0.267519269,0.311246812,genus_Alistipes vs genus_unclassified_Clostridiales,0.278636816,0.000508936,0.123908389,0.420137215,0.005592169,1
genus_Alistipes vs genus_unclassified_Coriobacteriaceae,-0.168192224,0.031334647,-0.31423808,-0.014369431,0.118972515,genus_Alistipes vs genus_unclassified_Coriobacteriaceae,-0.298361207,0.000188852,-0.437694033,-0.145034631,0.002432668,1
genus_Alistipes vs genus_unclassified_Ruminococcaceae,0.271061273,0.000446952,0.121963452,0.408195616,0.004100807,genus_Alistipes vs genus_unclassified_Ruminococcaceae,0.360344022,5.11E-06,0.212345284,0.49218237,0.000102262,2
genus_Anaerotruncus vs genus_unclassified_Erysipelotrichaceae,-0.21768514,0.005109209,-0.359803414,-0.065694799,0.031105464,genus_Anaerotruncus vs genus_unclassified_Erysipelotrichaceae,-0.175653316,0.030419773,-0.326717589,-0.015837626,0.124518998,1
genus_Bacteroides vs genus_Blautia,0.221426898,0.004379952,0.069608071,0.363220896,0.027359702,genus_Bacteroides vs genus_Blautia,-0.179416548,0.026986383,-0.330184102,-0.019722102,0.114153902,1
genus_Bacteroides vs genus_Butyricimonas,0.275677596,0.000353076,0.126875388,0.412344996,0.003368258,genus_Bacteroides vs genus_Butyricimonas,0.152477822,0.06074657,-0.007978674,0.30527944,0.197296553,1
genus_Bacteroides vs genus_Clostridium.IV,-0.248662878,0.001324283,-0.38798206,-0.098233976,0.010067853,genus_Bacteroides vs genus_Clostridium.IV,0.056995453,0.485518894,-0.104218019,0.215290477,0.695351461,1
genus_Bacteroides vs genus_Clostridium.XlVa,0.327664418,1.84E-05,0.18269975,0.458685101,0.000292086,genus_Bacteroides vs genus_Clostridium.XlVa,-0.019049747,0.815805336,-0.178765513,0.14164421,0.916562548,1
genus_Bacteroides vs genus_Clostridium.XlVb,0.225958472,0.003622739,0.074353627,0.367354643,0.023633322,genus_Bacteroides vs genus_Clostridium.XlVb,-0.018209222,0.823797335,-0.177951443,0.14246806,0.919753547,1
genus_Bacteroides vs genus_Collinsella,-0.310834979,5.10E-05,-0.443761251,-0.164525102,0.000696293,genus_Bacteroides vs genus_Collinsella,-0.234606957,0.003622755,-0.380560009,-0.077249909,0.027305391,2
genus_Bacteroides vs genus_Faecalibacterium,-0.226352876,0.003562773,-0.367714158,-0.074766981,0.023308815,genus_Bacteroides vs genus_Faecalibacterium,0.235590399,0.003479946,0.078284592,0.381449875,0.026447591,2
genus_Bacteroides vs genus_Flavonifractor,-0.08226473,0.294997809,-0.233498296,0.07285488,0.513627342,genus_Bacteroides vs genus_Flavonifractor,-0.300375394,0.000169974,-0.439480916,-0.147199866,0.002240119,1
genus_Bacteroides vs genus_Odoribacter,0.439294733,3.99E-09,0.305814297,0.555839172,1.38E-07,genus_Bacteroides vs genus_Odoribacter,0.357870981,6.00E-06,0.209632497,0.490027959,0.000118357,2
genus_Bacteroides vs genus_Oscillibacter,-0.225016261,0.003769694,-0.366495608,-0.073366359,0.024370997,genus_Bacteroides vs genus_Oscillibacter,0.094761552,0.245532175,-0.066510038,0.251208074,0.468071371,1
genus_Bacteroides vs genus_Parabacteroides,0.448083123,1.78E-09,0.315700142,0.563355039,6.35E-08,genus_Bacteroides vs genus_Parabacteroides,0.621951756,1.21E-17,0.512803929,0.711313185,6.15E-16,2
genus_Bacteroides vs genus_Phascolarctobacterium,-0.10105563,0.19790491,-0.251334709,0.053980976,0.399666249,genus_Bacteroides vs genus_Phascolarctobacterium,0.286866022,0.000339494,0.132705441,0.42747499,0.003939165,1
genus_Bacteroides vs genus_unclassified_Bacteria,-0.27771468,0.000317769,-0.414174226,-0.129045243,0.003089611,genus_Bacteroides vs genus_unclassified_Bacteria,-0.020397895,0.803026544,-0.18007077,0.140322345,0.909764234,1
genus_Bacteroides vs genus_unclassified_Clostridiales,-0.308408165,5.88E-05,-0.441603124,-0.161912479,0.000774448,genus_Bacteroides vs genus_unclassified_Clostridiales,0.068634469,0.400802593,-0.092646115,0.226405654,0.627414976,1
genus_Barnesiella vs genus_Butyricicoccus,-0.238684199,0.002084784,-0.378933384,-0.087717083,0.014877334,genus_Barnesiella vs genus_Butyricicoccus,-0.171681125,0.034439929,-0.323054177,-0.011742685,0.13573559,1
genus_Barnesiella vs genus_Clostridium.XlVa,-0.28246951,0.000247705,-0.418439614,-0.134115524,0.002554148,genus_Barnesiella vs genus_Clostridium.XlVa,-0.129825062,0.110906439,-0.284174073,0.031083179,0.290484412,1
genus_Barnesiella vs genus_Flavonifractor,-0.288250489,0.000181883,-0.423617457,-0.140290513,0.001988941,genus_Barnesiella vs genus_Flavonifractor,-0.053111439,0.515785684,-0.211572122,0.108069949,0.718588242,1
genus_Barnesiella vs genus_Holdemania,-0.083026435,0.290534144,-0.234223295,0.072091965,0.507989147,genus_Barnesiella vs genus_Holdemania,-0.265434681,0.000949852,-0.408326423,-0.109845886,0.00935527,1
genus_Barnesiella vs genus_Lachnospiracea_incertae_sedis,-0.280149265,0.000279875,-0.416358954,-0.131640376,0.002804898,genus_Barnesiella vs genus_Lachnospiracea_incertae_sedis,0.042793033,0.600645407,-0.118279665,0.20167148,0.77988128,1
genus_Barnesiella vs genus_Odoribacter,0.511807926,2.48E-12,0.38825278,0.617287969,1.08E-10,genus_Barnesiella vs genus_Odoribacter,0.185515089,0.022125706,0.026027381,0.335793171,0.1003093,1
genus_Barnesiella vs genus_Roseburia,-0.205580498,0.008269906,-0.348721626,-0.053067251,0.045216753,genus_Barnesiella vs genus_Roseburia,-0.000247962,0.997580944,-0.16050311,0.160019923,0.999803341,1
genus_Barnesiella vs genus_unclassified_Clostridiales,0.251178081,0.001177741,0.100890152,0.390258619,0.009243546,genus_Barnesiella vs genus_unclassified_Clostridiales,0.152913343,0.060005131,-0.007532783,0.305683745,0.195864996,1
genus_Bilophila vs genus_Parabacteroides,-0.07746676,0.324156161,-0.22892767,0.077656303,0.540457805,genus_Bilophila vs genus_Parabacteroides,-0.236840121,0.003305796,-0.382580292,-0.079599918,0.025572766,1
genus_Bilophila vs genus_unclassified_Clostridiales,-0.190149843,0.014737197,-0.334536605,-0.03704042,0.067811927,genus_Bilophila vs genus_unclassified_Clostridiales,-0.315569349,7.49E-05,-0.452924824,-0.163580691,0.00109821,1
genus_Blautia vs genus_Clostridium.IV,-0.296626606,0.000114887,-0.431104022,-0.149257982,0.001346752,genus_Blautia vs genus_Clostridium.IV,0.008993961,0.912431683,-0.151485915,0.169011876,0.962899438,1
genus_Blautia vs genus_Clostridium.XVIII,0.261611648,0.000714991,0.11193143,0.399684116,0.006192691,genus_Blautia vs genus_Clostridium.XVIII,-0.021683805,0.790886026,-0.181315247,0.139060969,0.903416903,1
genus_Blautia vs genus_Clostridium.XlVa,0.217456415,0.005157125,0.065455741,0.359594387,0.03131357,genus_Blautia vs genus_Clostridium.XlVa,0.144244237,0.076234337,-0.01639632,0.297625611,0.228853573,1
genus_Blautia vs genus_Collinsella,0.013667312,0.862104106,-0.140824925,0.167509752,0.92738729,genus_Blautia vs genus_Collinsella,0.243023332,0.002554409,0.086115782,0.388166812,0.020507227,1
genus_Blautia vs genus_Dorea,0.702160136,1.12E-25,0.614496114,0.772695884,7.03E-24,genus_Blautia vs genus_Dorea,0.468986381,1.10E-09,0.333814511,0.585259524,3.95E-08,2
genus_Blautia vs genus_Eggerthella,-0.125758895,0.108591079,-0.274628899,0.028998892,0.276017459,genus_Blautia vs genus_Eggerthella,-0.373101262,2.20E-06,-0.503270353,-0.226375588,4.99E-05,1
genus_Blautia vs genus_Lachnospiracea_incertae_sedis,0.328256589,1.78E-05,0.183341064,0.459208878,0.00028447,genus_Blautia vs genus_Lachnospiracea_incertae_sedis,0.601173021,2.64E-16,0.487920112,0.694520988,1.28E-14,2
genus_Blautia vs genus_Oscillibacter,-0.28729959,0.00019145,-0.422766373,-0.139274013,0.002063862,genus_Blautia vs genus_Oscillibacter,-0.301562889,0.000159683,-0.440533884,-0.148477102,0.002135356,2
genus_Blautia vs genus_Parabacteroides,0.221709441,0.004328881,0.069903756,0.363478798,0.027152265,genus_Blautia vs genus_Parabacteroides,-0.135023631,0.097207438,-0.289030793,0.0257961,0.26783439,1
genus_Blautia vs genus_Prevotella,-0.236489778,0.002297968,-0.376939877,-0.085408809,0.016170889,genus_Blautia vs genus_Prevotella,-0.210135789,0.009365365,-0.358329952,-0.051612397,0.056508311,1
genus_Blautia vs genus_Roseburia,0.104685692,0.182189002,-0.050322067,0.254768658,0.379699199,genus_Blautia vs genus_Roseburia,0.305223,0.000131501,0.15241703,0.443776953,0.001789982,1
genus_Blautia vs genus_unclassified_Erysipelotrichaceae,0.085284079,0.277569764,-0.069829667,0.236371156,0.493265053,genus_Blautia vs genus_unclassified_Erysipelotrichaceae,0.214988272,0.007817549,0.056679605,0.362751434,0.049718302,1
genus_Blautia vs genus_unclassified_Lachnospiraceae,0.326123431,2.03E-05,0.181031458,0.457321667,0.000313776,genus_Blautia vs genus_unclassified_Lachnospiraceae,0.449021359,6.55E-09,0.311150486,0.568381659,2.15E-07,2
genus_Butyricicoccus vs genus_Collinsella,0.208025171,0.007518706,0.055613607,0.350962952,0.04181134,genus_Butyricicoccus vs genus_Collinsella,0.020925034,0.798043854,-0.139805326,0.180580986,0.90816677,1
genus_Butyricicoccus vs genus_Dorea,0.159865334,0.040875956,0.005813175,0.30650528,0.142068873,genus_Butyricicoccus vs genus_Dorea,0.262567653,0.00108325,0.106800226,0.405755206,0.010487513,1
genus_Butyricicoccus vs genus_Lachnospiracea_incertae_sedis,0.260836615,0.000742518,0.111109982,0.398984968,0.00636444,genus_Butyricicoccus vs genus_Lachnospiracea_incertae_sedis,-0.012349632,0.879971482,-0.172270206,0.148205218,0.949294998,1
genus_Butyricicoccus vs genus_Odoribacter,-0.262945199,0.000669815,-0.400886721,-0.113345323,0.005851255,genus_Butyricicoccus vs genus_Odoribacter,-0.082015331,0.315138006,-0.239133708,0.079288353,0.541457915,1
genus_Butyricicoccus vs genus_Veillonella,-0.250652287,0.001207088,-0.389782853,-0.100334711,0.00939463,genus_Butyricicoccus vs genus_Veillonella,-0.028051757,0.731554923,-0.187470488,0.132806818,0.863325685,1
genus_Butyricicoccus vs genus_unclassified_Porphyromonadaceae,-0.083852843,0.285742489,-0.235009689,0.071264038,0.501593784,genus_Butyricicoccus vs genus_unclassified_Porphyromonadaceae,-0.255023128,0.00152031,-0.398978255,-0.098799579,0.01377509,1
genus_Butyricimonas vs genus_Clostridium.XI,-0.326677865,1.96E-05,-0.45781229,-0.181631599,0.000306081,genus_Butyricimonas vs genus_Clostridium.XI,0.030455613,0.709543803,-0.130442586,0.189790796,0.849886982,1
genus_Butyricimonas vs genus_Odoribacter,0.25023662,0.00123076,0.099895673,0.389406683,0.009471377,genus_Butyricimonas vs genus_Odoribacter,0.145558229,0.073568074,-0.015054479,0.298848404,0.224363149,1
genus_Butyricimonas vs genus_Oscillibacter,0.282618756,0.000245758,0.134274797,0.4185734,0.002546944,genus_Butyricimonas vs genus_Oscillibacter,0.182125212,0.024725115,0.022521022,0.332676683,0.10758256,1
genus_Butyricimonas vs genus_unclassified_Erysipelotrichaceae,-0.216908213,0.005273612,-0.35909334,-0.064882845,0.031935816,genus_Butyricimonas vs genus_unclassified_Erysipelotrichaceae,-0.111566289,0.171185944,-0.267052966,0.049581748,0.37692318,1
genus_Clostridium.IV vs genus_Dorea,-0.213844567,0.005969004,-0.356291711,-0.061683039,0.035166224,genus_Clostridium.IV vs genus_Dorea,-0.004199707,0.959046415,-0.164350617,0.156166928,0.986762162,1
genus_Clostridium.IV vs genus_Oscillibacter,0.284080982,0.000227422,0.135835671,0.419883848,0.002402679,genus_Clostridium.IV vs genus_Oscillibacter,0.188216774,0.020225913,0.028824714,0.338274616,0.095377625,1
genus_Clostridium.IV vs genus_Parabacteroides,-0.303855719,7.64E-05,-0.437550545,-0.157017007,0.000967721,genus_Clostridium.IV vs genus_Parabacteroides,0.009301357,0.909451311,-0.151185534,0.169310501,0.961534425,1
genus_Clostridium.IV vs genus_Parasutterella,0.215184856,0.005655294,0.06308251,0.357517687,0.033798348,genus_Clostridium.IV vs genus_Parasutterella,-0.100802854,0.21658052,-0.256913981,0.060434989,0.434877663,1
genus_Clostridium.IV vs genus_unclassified_Erysipelotrichaceae,-0.261559619,0.000716809,-0.399637187,-0.111876279,0.006192691,genus_Clostridium.IV vs genus_unclassified_Erysipelotrichaceae,-0.108527226,0.183220987,-0.2641937,0.052650029,0.393526069,1
genus_Clostridium.XI vs genus_Clostridium.sensu.stricto,0.212028776,0.006418766,0.059788021,0.354630004,0.037050091,genus_Clostridium.XI vs genus_Clostridium.sensu.stricto,-0.001136759,0.98891039,-0.161368887,0.159153762,0.997759252,1
genus_Clostridium.XI vs genus_Faecalibacterium,-0.152599341,0.051090613,-0.299741835,0.001634577,0.16536509,genus_Clostridium.XI vs genus_Faecalibacterium,-0.221687275,0.006054382,-0.368844515,-0.063688469,0.041267539,1
genus_Clostridium.XI vs genus_Flavonifractor,0.20722453,0.007757766,0.054779446,0.350229089,0.042879291,genus_Clostridium.XI vs genus_Flavonifractor,0.02026655,0.804269302,-0.140451154,0.179943629,0.91049355,1
genus_Clostridium.XI vs genus_Oscillibacter,-0.276018667,0.000346922,-0.412651342,-0.12723859,0.003316487,genus_Clostridium.XI vs genus_Oscillibacter,-0.240972069,0.00278452,-0.386314682,-0.083952673,0.02215953,2
genus_Clostridium.XI vs genus_Pseudoflavonifractor,-0.23726775,0.002220226,-0.377646769,-0.086226959,0.015696478,genus_Clostridium.XI vs genus_Pseudoflavonifractor,0.048303456,0.554551194,-0.11283152,0.206962844,0.747267566,1
genus_Clostridium.XI vs genus_unclassified_Coriobacteriaceae,0.203737176,0.008879572,0.051148569,0.347030547,0.0476924,genus_Clostridium.XI vs genus_unclassified_Coriobacteriaceae,0.008328601,0.918886838,-0.15213599,0.168365401,0.965243949,1
genus_Clostridium.XVIII vs genus_Faecalibacterium,-0.129819023,0.097560476,-0.27844079,0.024874356,0.257898998,genus_Clostridium.XVIII vs genus_Faecalibacterium,-0.227734271,0.004777067,-0.374333724,-0.070028581,0.034143302,1
genus_Clostridium.XVIII vs genus_Oscillibacter,-0.220766167,0.004501502,-0.362617704,-0.068916714,0.028042141,genus_Clostridium.XVIII vs genus_Oscillibacter,-0.125868842,0.1223083,-0.280472692,0.035100734,0.307117758,1
genus_Clostridium.XlVa vs genus_Clostridium.XlVb,0.293240822,0.000138568,0.145630241,0.428080039,0.001571818,genus_Clostridium.XlVa vs genus_Clostridium.XlVb,0.328438617,3.61E-05,0.177521105,0.464263153,0.000583976,2
genus_Clostridium.XlVa vs genus_Faecalibacterium,-0.201952211,0.009507504,-0.345392117,-0.049291703,0.049975074,genus_Clostridium.XlVa vs genus_Faecalibacterium,-0.123007031,0.131106444,-0.277792355,0.038003672,0.321077007,1
genus_Clostridium.XlVa vs genus_Parabacteroides,0.204521639,0.008615416,0.051964965,0.347750334,0.046713788,genus_Clostridium.XlVa vs genus_Parabacteroides,-0.160279797,0.048550123,-0.312513878,-1.88E-05,0.171619041,1
genus_Clostridium.XlVa vs genus_Roseburia,0.354396548,3.23E-06,0.211773751,0.482239388,6.81E-05,genus_Clostridium.XlVa vs genus_Roseburia,0.159516509,0.049645561,-0.000764562,0.311806892,0.174275411,1
genus_Clostridium.XlVa vs genus_Ruminococcus,-0.287672189,0.000187647,-0.423099889,-0.13967228,0.002037312,genus_Clostridium.XlVa vs genus_Ruminococcus,-0.169563595,0.036760792,-0.321099399,-0.009561909,0.141818283,1
genus_Clostridium.XlVa vs genus_unclassified_Bacteria,-0.406487315,6.63E-08,-0.527612795,-0.269162563,2.04E-06,genus_Clostridium.XlVa vs genus_unclassified_Bacteria,-0.269395681,0.000790258,-0.411875013,-0.114058489,0.008097927,2
genus_Clostridium.XlVa vs genus_unclassified_Clostridiales,-0.441719796,3.20E-09,-0.557915,-0.308539318,1.11E-07,genus_Clostridium.XlVa vs genus_unclassified_Clostridiales,-0.24281072,0.002577433,-0.387974895,-0.085891509,0.020655704,2
genus_Clostridium.XlVa vs genus_unclassified_Lachnospiraceae,0.20794174,0.007543308,0.055526672,0.350886487,0.041897059,genus_Clostridium.XlVa vs genus_unclassified_Lachnospiraceae,0.326915054,3.94E-05,0.175867565,0.462923154,0.000626638,2
genus_Clostridium.XlVa vs genus_unclassified_Ruminococcaceae,-0.311013063,5.05E-05,-0.443919558,-0.164716902,0.000691127,genus_Clostridium.XlVa vs genus_unclassified_Ruminococcaceae,-0.338072896,2.05E-05,-0.472722292,-0.187997066,0.000357565,2
genus_Clostridium.XlVb vs genus_Flavonifractor,0.209484098,0.007099867,0.05713416,0.352299746,0.040217879,genus_Clostridium.XlVb vs genus_Flavonifractor,0.221563955,0.006083334,0.063559304,0.368732464,0.041295402,2
genus_Clostridium.XlVb vs genus_Oscillibacter,0.21232929,0.006342305,0.060101571,0.354905079,0.036795053,genus_Clostridium.XlVb vs genus_Oscillibacter,-0.233642975,0.003767836,-0.37968749,-0.076236029,0.028028277,2
genus_Clostridium.XlVb vs genus_Parasutterella,0.224080054,0.003921007,0.072385677,0.365641809,0.025218322,genus_Clostridium.XlVb vs genus_Parasutterella,0.217013238,0.007241827,0.058796591,0.364594576,0.046974015,2
genus_Clostridium.XlVb vs genus_unclassified_Bacteria,-0.277762686,0.000316978,-0.414217321,-0.129096395,0.003088505,genus_Clostridium.XlVb vs genus_unclassified_Bacteria,-0.191803837,0.017922369,-0.341566042,-0.032542632,0.087314105,1
genus_Clostridium.XlVb vs genus_unclassified_Clostridiales,-0.28174111,0.000257414,-0.417786581,-0.133338296,0.002628567,genus_Clostridium.XlVb vs genus_unclassified_Clostridiales,-0.300460601,0.000169216,-0.439556482,-0.147291495,0.002236588,2
genus_Clostridium.XlVb vs genus_unclassified_Coriobacteriaceae,-0.214611276,0.005787697,-0.356993087,-0.062483529,0.034275193,genus_Clostridium.XlVb vs genus_unclassified_Coriobacteriaceae,0.02811064,0.731013046,-0.132748927,0.187527346,0.863132959,1
genus_Clostridium.sensu.stricto vs genus_Parabacteroides,-0.202539283,0.009296779,-0.345931092,-0.049902308,0.049351935,genus_Clostridium.sensu.stricto vs genus_Parabacteroides,-0.222959529,0.005762796,-0.370000267,-0.065021335,0.039695391,2
genus_Collinsella vs genus_Eggerthella,-0.123872881,0.114036825,-0.272856603,0.030913034,0.286190382,genus_Collinsella vs genus_Eggerthella,-0.245815588,0.002268834,-0.39068612,-0.089062666,0.018607703,1
genus_Collinsella vs genus_Flavonifractor,0.245483607,0.001533318,0.094879575,0.385102007,0.011481004,genus_Collinsella vs genus_Flavonifractor,0.157007751,0.053391527,-0.003337761,0.309481998,0.182557119,1
genus_Collinsella vs genus_Odoribacter,-0.356853264,2.73E-06,-0.484394822,-0.214458414,5.84E-05,genus_Collinsella vs genus_Odoribacter,-0.293657402,0.000240793,-0.433516769,-0.139983791,0.00300004,2
genus_Collinsella vs genus_Parabacteroides,-0.35274952,3.61E-06,-0.480793478,-0.209975108,7.48E-05,genus_Collinsella vs genus_Parabacteroides,-0.170920179,0.035259261,-0.322351865,-0.010958836,0.137656018,1
genus_Collinsella vs genus_Veillonella,-0.219786266,0.004687344,-0.361722917,-0.06789166,0.029001748,genus_Collinsella vs genus_Veillonella,-0.184061579,0.023209956,-0.334457288,-0.024523445,0.104269778,1
genus_Collinsella vs genus_unclassified_Coriobacteriaceae,0.235130173,0.002439787,0.083979477,0.375704101,0.016985384,genus_Collinsella vs genus_unclassified_Coriobacteriaceae,0.045545395,0.57740769,-0.115559621,0.204315586,0.763403615,1
genus_Coprococcus vs genus_Lachnospiracea_incertae_sedis,0.217985391,0.005046913,0.06600864,0.360077784,0.030849766,genus_Coprococcus vs genus_Lachnospiracea_incertae_sedis,-0.028784184,0.724824216,-0.188177647,0.132086658,0.859234446,1
genus_Coprococcus vs genus_Prevotella,-0.284559386,0.000221704,-0.420312471,-0.13634651,0.002351096,genus_Coprococcus vs genus_Prevotella,-0.105426512,0.196128257,-0.261273608,0.05577742,0.410626655,1
genus_Coprococcus vs genus_Pseudoflavonifractor,-0.234453497,0.002513287,-0.375088867,-0.083268329,0.017390875,genus_Coprococcus vs genus_Pseudoflavonifractor,0.00909895,0.911413625,-0.151383326,0.169113872,0.962606713,1
genus_Coprococcus vs genus_unclassified_Clostridiales,0.21658882,0.005342559,0.06454911,0.358801382,0.032267643,genus_Coprococcus vs genus_unclassified_Clostridiales,-0.062560551,0.443865739,-0.220610229,0.09869045,0.662746486,1
genus_Coprococcus vs genus_unclassified_Lachnospiraceae,0.236585213,0.0022883,0.085509162,0.377026602,0.016127743,genus_Coprococcus vs genus_unclassified_Lachnospiraceae,-0.09676898,0.235628176,-0.253105262,0.064492722,0.456242598,1
genus_Dorea vs genus_Eggerthella,-0.265466072,0.000591521,-0.403158764,-0.116019728,0.005257963,genus_Dorea vs genus_Eggerthella,-0.330676974,3.17E-05,-0.466230699,-0.179951965,0.000520028,2
genus_Dorea vs genus_Holdemania,-0.208412706,0.007405361,-0.351318101,-0.056017442,0.041433679,genus_Dorea vs genus_Holdemania,-0.217182517,0.00719545,-0.364748603,-0.058973627,0.046814905,2
genus_Dorea vs genus_Lachnospiracea_incertae_sedis,0.297026645,0.000112354,0.149686871,0.431461114,0.001327292,genus_Dorea vs genus_Lachnospiracea_incertae_sedis,0.209199167,0.009693501,0.050635268,0.357475755,0.057593669,1
genus_Dorea vs genus_Oscillibacter,-0.328633262,1.74E-05,-0.459541999,-0.18374906,0.000280817,genus_Dorea vs genus_Oscillibacter,-0.166715748,0.04008888,-0.318468397,-0.0066314,0.151328886,1
genus_Dorea vs genus_Prevotella,-0.243050637,0.001713157,-0.382896177,-0.092314893,0.01266126,genus_Dorea vs genus_Prevotella,-0.137813181,0.090429233,-0.291633642,0.022955341,0.256846476,1
genus_Dorea vs genus_Ruminococcus,0.080027404,0.3083707,-0.075094711,0.231367814,0.527247991,genus_Dorea vs genus_Ruminococcus,0.260967722,0.001164945,0.105101881,0.404319365,0.011113281,1
genus_Dorea vs genus_unclassified_Coriobacteriaceae,0.261728441,0.000710925,0.112055236,0.39978946,0.00617489,genus_Dorea vs genus_unclassified_Coriobacteriaceae,0.02527325,0.757270737,-0.135537247,0.184786331,0.879336531,1
genus_Dorea vs genus_unclassified_Erysipelotrichaceae,0.081175125,0.301461724,-0.0739459,0.232460907,0.519884673,genus_Dorea vs genus_unclassified_Erysipelotrichaceae,0.271415352,0.000718737,0.116208603,0.413682739,0.00748274,1
genus_Eggerthella vs genus_Lachnospiracea_incertae_sedis,-0.130807231,0.095014726,-0.279367871,0.023869674,0.253979461,genus_Eggerthella vs genus_Lachnospiracea_incertae_sedis,-0.365956155,3.54E-06,-0.497065443,-0.218509951,7.52E-05,1
genus_Eggerthella vs genus_Ruminococcus,-0.131993644,0.092028337,-0.280480531,0.02266307,0.249494183,genus_Eggerthella vs genus_Ruminococcus,-0.34083522,1.73E-05,-0.475143112,-0.191007027,0.000313581,1
genus_Eggerthella vs genus_unclassified_Coriobacteriaceae,-0.202748241,0.009222778,-0.346122907,-0.050119669,0.049016162,genus_Eggerthella vs genus_unclassified_Coriobacteriaceae,0.070692249,0.386796603,-0.090595657,0.228366554,0.615419577,1
genus_Eggerthella vs genus_unclassified_Lachnospiraceae,-0.005341212,0.945882603,-0.159405384,0.148976941,0.971406245,genus_Eggerthella vs genus_unclassified_Lachnospiraceae,-0.313793888,8.26E-05,-0.451357078,-0.161662206,0.001192199,1
genus_Erysipelotrichaceae_incertae_sedis vs genus_Parabacteroides,-0.238861348,0.002068384,-0.379094257,-0.087903494,0.014829925,genus_Erysipelotrichaceae_incertae_sedis vs genus_Parabacteroides,-0.198254119,0.014348524,-0.347475478,-0.039239325,0.074919546,1
genus_Erysipelotrichaceae_incertae_sedis vs genus_unclassified_Bacteria,0.056657664,0.47115475,-0.098397428,0.209026986,0.67839143,genus_Erysipelotrichaceae_incertae_sedis vs genus_unclassified_Bacteria,-0.266360574,0.000910102,-0.409156301,-0.110830091,0.009081105,1
genus_Erysipelotrichaceae_incertae_sedis vs genus_unclassified_Clostridiales,-0.02740587,0.727579335,-0.180837134,0.127327655,0.853772972,genus_Erysipelotrichaceae_incertae_sedis vs genus_unclassified_Clostridiales,-0.365539671,3.64E-06,-0.496703349,-0.218052058,7.66E-05,1
genus_Erysipelotrichaceae_incertae_sedis vs genus_unclassified_Erysipelotrichaceae,-0.096921667,0.216972664,-0.24741947,0.058142725,0.422277144,genus_Erysipelotrichaceae_incertae_sedis vs genus_unclassified_Erysipelotrichaceae,-0.257897829,0.001337673,-0.401562342,-0.101845698,0.012457379,1
genus_Erysipelotrichaceae_incertae_sedis vs genus_unclassified_Ruminococcaceae,0.051380272,0.513506518,-0.103636253,0.203959836,0.710218296,genus_Erysipelotrichaceae_incertae_sedis vs genus_unclassified_Ruminococcaceae,-0.3415641,1.66E-05,-0.475781543,-0.19180172,0.00030123,1
genus_Faecalibacterium vs genus_Lachnospiracea_incertae_sedis,0.340039412,8.40E-06,0.196127413,0.469611927,0.000153781,genus_Faecalibacterium vs genus_Lachnospiracea_incertae_sedis,0.195442683,0.015821554,0.03631873,0.344901233,0.079896218,1
genus_Faecalibacterium vs genus_Oscillibacter,0.215997795,0.005472274,0.063931638,0.358261052,0.032876905,genus_Faecalibacterium vs genus_Oscillibacter,0.087489,0.283814647,-0.073807389,0.244324818,0.507032519,1
genus_Faecalibacterium vs genus_Parabacteroides,-0.258727526,0.00082244,-0.397081569,-0.10887562,0.006868955,genus_Faecalibacterium vs genus_Parabacteroides,0.428778466,3.56E-08,0.288330025,0.551165708,1.08E-06,2
genus_Faecalibacterium vs genus_unclassified_Bacteria,0.350122721,4.31E-06,0.2071085,0.478485995,8.62E-05,genus_Faecalibacterium vs genus_unclassified_Bacteria,0.205274885,0.011181211,0.046544567,0.353894121,0.063494797,1
genus_Faecalibacterium vs genus_unclassified_Clostridiales_Incertae.Sedis.XIII,-0.309840593,5.41E-05,-0.442877146,-0.163454333,0.000727135,genus_Faecalibacterium vs genus_unclassified_Clostridiales_Incertae.Sedis.XIII,-0.076626632,0.348091085,-0.234014391,0.084674726,0.573652095,1
genus_Faecalibacterium vs genus_unclassified_Lachnospiraceae,0.250584175,0.001210938,0.100262766,0.389721217,0.00939463,genus_Faecalibacterium vs genus_unclassified_Lachnospiraceae,0.214465285,0.007972685,0.056133083,0.362275219,0.050423637,1
genus_Flavonifractor vs genus_Odoribacter,-0.278011133,0.000312913,-0.414440339,-0.129361137,0.003061981,genus_Flavonifractor vs genus_Odoribacter,-0.133059293,0.102217257,-0.287196557,0.027794941,0.276623556,1
genus_Flavonifractor vs genus_Parabacteroides,-0.19470109,0.012479933,-0.338727269,-0.041759333,0.060284422,genus_Flavonifractor vs genus_Parabacteroides,-0.338265778,2.02E-05,-0.472891394,-0.188207148,0.000356065,1
genus_Flavonifractor vs genus_unclassified_Bacteria,-0.275146964,0.000362852,-0.411868325,-0.126310405,0.003439928,genus_Flavonifractor vs genus_unclassified_Bacteria,0.022539207,0.782837553,-0.138221599,0.182142803,0.897370347,1
genus_Flavonifractor vs genus_unclassified_Clostridiales,-0.222549013,0.004180264,-0.36424502,-0.070782533,0.026548754,genus_Flavonifractor vs genus_unclassified_Clostridiales,-0.121253697,0.136731981,-0.276149012,0.039780863,0.330067672,1
genus_Flavonifractor vs genus_unclassified_Coriobacteriaceae,0.195336304,0.012190336,0.042418491,0.339311702,0.059452336,genus_Flavonifractor vs genus_unclassified_Coriobacteriaceae,0.242053846,0.00266093,0.085093251,0.387291589,0.021287438,1
genus_Flavonifractor vs genus_unclassified_Firmicutes,-0.208906451,0.007263154,-0.351770526,-0.056532028,0.040888866,genus_Flavonifractor vs genus_unclassified_Firmicutes,-0.002679105,0.973867878,-0.162870701,0.15765011,0.992165211,1
genus_Holdemania vs genus_Ruminococcus,-0.080651005,0.30460402,-0.231961781,0.074470569,0.523358829,genus_Holdemania vs genus_Ruminococcus,-0.296472474,0.000208309,-0.436017446,-0.143005591,0.002653326,1
genus_Holdemania vs genus_Streptococcus,-0.215822803,0.005511217,-0.358101052,-0.063748837,0.033067304,genus_Holdemania vs genus_Streptococcus,0.102474167,0.209019137,-0.058752227,0.258490589,0.426927645,1
genus_Holdemania vs genus_unclassified_Bacteria,-0.168253941,0.03127169,-0.314295322,-0.014432932,0.118931531,genus_Holdemania vs genus_unclassified_Bacteria,-0.288254264,0.000316693,-0.428711026,-0.134191875,0.003731571,1
genus_Holdemania vs genus_unclassified_Ruminococcaceae,-0.201108197,0.009817848,-0.344617088,-0.048414058,0.051165015,genus_Holdemania vs genus_unclassified_Ruminococcaceae,-0.266367937,0.000909792,-0.409162899,-0.110837918,0.009081105,1
genus_Lachnospiracea_incertae_sedis vs genus_Prevotella,-0.053070325,0.499733439,-0.205583451,0.101959487,0.700302546,genus_Lachnospiracea_incertae_sedis vs genus_Prevotella,-0.286602032,0.000343998,-0.427239884,-0.132422857,0.003981299,1
genus_Lachnospiracea_incertae_sedis vs genus_Roseburia,0.351308118,3.98E-06,0.208401811,0.479527513,8.00E-05,genus_Lachnospiracea_incertae_sedis vs genus_Roseburia,0.313557018,8.37E-05,0.161406342,0.451147856,0.001204033,2
genus_Lachnospiracea_incertae_sedis vs genus_Ruminococcus,0.055266477,0.482130418,-0.099779283,0.207692015,0.687035846,genus_Lachnospiracea_incertae_sedis vs genus_Ruminococcus,0.262028582,0.00111017,0.106227894,0.405271501,0.010657635,1
genus_Lachnospiracea_incertae_sedis vs genus_Veillonella,-0.129148626,0.099318037,-0.277811704,0.025555751,0.260881479,genus_Lachnospiracea_incertae_sedis vs genus_Veillonella,-0.252229057,0.001719337,-0.396464454,-0.095841703,0.014959404,1
genus_Lachnospiracea_incertae_sedis vs genus_unclassified_Clostridiales_Incertae.Sedis.XIII,-0.279491338,0.000289679,-0.415768704,-0.130938861,0.002871599,genus_Lachnospiracea_incertae_sedis vs genus_unclassified_Clostridiales_Incertae.Sedis.XIII,-0.209203081,0.009692109,-0.357479325,-0.050639351,0.057593669,1
genus_Lachnospiracea_incertae_sedis vs genus_unclassified_Coriobacteriaceae,-0.063504846,0.419174506,-0.215589219,0.091587449,0.631879586,genus_Lachnospiracea_incertae_sedis vs genus_unclassified_Coriobacteriaceae,-0.239005203,0.003022598,-0.384537653,-0.081879952,0.023846105,1
genus_Lachnospiracea_incertae_sedis vs genus_unclassified_Firmicutes,-0.005381071,0.945479371,-0.159444231,0.148937965,0.971344295,genus_Lachnospiracea_incertae_sedis vs genus_unclassified_Firmicutes,0.290017158,0.000289782,0.136080459,0.430279881,0.003468263,1
genus_Lachnospiracea_incertae_sedis vs genus_unclassified_Lachnospiraceae,0.53287292,2.06E-13,0.412577551,0.634900751,9.39E-12,genus_Lachnospiracea_incertae_sedis vs genus_unclassified_Lachnospiraceae,0.678671217,7.45E-22,0.581675567,0.756637187,4.41E-20,2
genus_Odoribacter vs genus_Parabacteroides,0.375099592,7.47E-07,0.234465292,0.500355179,1.82E-05,genus_Odoribacter vs genus_Parabacteroides,0.364737612,3.84E-06,0.217170438,0.496005904,7.95E-05,2
genus_Odoribacter vs genus_unclassified_Coriobacteriaceae,-0.177916429,0.022653386,-0.323244039,-0.024390087,0.093960985,genus_Odoribacter vs genus_unclassified_Coriobacteriaceae,-0.32046546,5.70E-05,-0.457243732,-0.168877175,0.00087174,1
genus_Oscillibacter vs genus_Phascolarctobacterium,0.22905521,0.003175397,0.077600548,0.370176309,0.021231394,genus_Oscillibacter vs genus_Phascolarctobacterium,0.208190054,0.010058348,0.049582852,0.356555168,0.059308751,1
genus_Oscillibacter vs genus_unclassified_Clostridiales,0.084056528,0.284569666,-0.071059946,0.23520348,0.500607525,genus_Oscillibacter vs genus_unclassified_Clostridiales,0.442657831,1.13E-08,0.303959502,0.562980917,3.62E-07,1
genus_Oscillibacter vs genus_unclassified_Erysipelotrichaceae,-0.222376695,0.004210388,-0.364087772,-0.070602149,0.026628804,genus_Oscillibacter vs genus_unclassified_Erysipelotrichaceae,-0.198388103,0.014281418,-0.347598102,-0.039378579,0.074682643,1
genus_Oscillibacter vs genus_unclassified_Ruminococcaceae,0.272741374,0.000410396,0.123750295,0.40970643,0.003814274,genus_Oscillibacter vs genus_unclassified_Ruminococcaceae,0.398825367,3.60E-07,0.254853125,0.525498914,8.81E-06,2
genus_Parabacteroides vs genus_Phascolarctobacterium,-0.153661016,0.049477637,-0.300731004,0.00054741,0.162315125,genus_Parabacteroides vs genus_Phascolarctobacterium,0.273042769,0.000665491,0.117942187,0.415138558,0.00702463,1
genus_Parasutterella vs genus_Ruminococcus,-0.130236535,0.0964784,-0.27883251,0.024449922,0.255981109,genus_Parasutterella vs genus_Ruminococcus,-0.248989192,0.001979636,-0.393546865,-0.092415352,0.016594006,1
genus_Parasutterella vs genus_unclassified_Coriobacteriaceae,-0.217830654,0.005078933,-0.359936388,-0.065846895,0.031003926,genus_Parasutterella vs genus_unclassified_Coriobacteriaceae,-0.119788486,0.14157296,-0.274775023,0.041265229,0.337042702,1
genus_Phascolarctobacterium vs genus_Prevotella,-0.026680105,0.734520044,-0.180134498,0.12804211,0.85794697,genus_Phascolarctobacterium vs genus_Prevotella,-0.221576111,0.006080474,-0.368743509,-0.063572036,0.041295402,1
genus_Phascolarctobacterium vs genus_unclassified_Clostridiales,-0.208031443,0.007516859,-0.3509687,-0.055620141,0.04181134,genus_Phascolarctobacterium vs genus_unclassified_Clostridiales,-0.063447467,0.437419322,-0.221457175,0.097808595,0.658596985,1
genus_Phascolarctobacterium vs genus_unclassified_Erysipelotrichaceae,-0.271457704,0.000438065,-0.40855217,-0.122384982,0.004027369,genus_Phascolarctobacterium vs genus_unclassified_Erysipelotrichaceae,-0.063765066,0.435123935,-0.221760404,0.097492747,0.656790845,1
genus_Prevotella vs genus_Pseudoflavonifractor,0.111106022,0.156670907,-0.043840512,0.260832879,0.346973937,genus_Prevotella vs genus_Pseudoflavonifractor,0.219781974,0.006515682,0.061693452,0.367112834,0.043629236,1
genus_Prevotella vs genus_unclassified_Bacteria,-0.055832071,0.477651665,-0.208234823,0.099217555,0.683215681,genus_Prevotella vs genus_unclassified_Bacteria,-0.284037169,0.000390735,-0.424954661,-0.129678644,0.004443269,1
genus_Prevotella vs genus_unclassified_Lachnospiraceae,0.03529863,0.653629816,-0.11954751,0.188468275,0.809694263,genus_Prevotella vs genus_unclassified_Lachnospiraceae,-0.24733885,0.002125556,-0.392059566,-0.09067144,0.017558941,1
genus_Prevotella vs genus_unclassified_Ruminococcaceae,-0.255279421,0.000970298,-0.393967176,-0.105225966,0.007915132,genus_Prevotella vs genus_unclassified_Ruminococcaceae,-0.254805803,0.001535002,-0.398782807,-0.098569414,0.013860612,2
genus_Pseudoflavonifractor vs genus_unclassified_Clostridiales,0.010867057,0.890156763,-0.143568971,0.164786389,0.942883819,genus_Pseudoflavonifractor vs genus_unclassified_Clostridiales,-0.221554161,0.006085638,-0.368723565,-0.063549046,0.041295402,1
genus_Pseudoflavonifractor vs genus_unclassified_Lachnospiraceae,-0.241185492,0.001863814,-0.381204081,-0.09035013,0.013511913,genus_Pseudoflavonifractor vs genus_unclassified_Lachnospiraceae,-0.105257307,0.196851111,-0.261114177,0.055947989,0.41183514,1
genus_Pseudoflavonifractor vs genus_unclassified_Ruminococcaceae,-0.036735129,0.640500907,-0.189855171,0.118129459,0.801945123,genus_Pseudoflavonifractor vs genus_unclassified_Ruminococcaceae,-0.232760329,0.003905239,-0.378888363,-0.075307981,0.028955917,1
genus_Roseburia vs genus_unclassified_Bacteria,-0.218580066,0.004925536,-0.360621129,-0.066630322,0.03027014,genus_Roseburia vs genus_unclassified_Bacteria,0.004637612,0.954780485,-0.155739665,0.164776671,0.98523252,1
genus_Roseburia vs genus_unclassified_Firmicutes,-0.292637208,0.000143241,-0.427540609,-0.144983907,0.001620794,genus_Roseburia vs genus_unclassified_Firmicutes,0.181048557,0.025603695,0.021408192,0.33168617,0.110248204,1
genus_Roseburia vs genus_unclassified_Lachnospiraceae,0.359303625,2.30E-06,0.217138277,0.486543138,5.05E-05,genus_Roseburia vs genus_unclassified_Lachnospiraceae,0.446814692,7.92E-09,0.308655094,0.566510019,2.58E-07,2
genus_Roseburia vs genus_unclassified_Ruminococcaceae,-0.220272407,0.004594302,-0.362166864,-0.068400162,0.028542258,genus_Roseburia vs genus_unclassified_Ruminococcaceae,-0.062345669,0.445435621,-0.220404994,0.098904068,0.663702916,1
genus_Ruminococcus vs genus_unclassified_Bacteria,0.261534782,0.000717678,0.111849952,0.399614784,0.006192691,genus_Ruminococcus vs genus_unclassified_Bacteria,0.456182409,3.50E-09,0.319261617,0.574446984,1.17E-07,2
genus_Veillonella vs genus_unclassified_Lachnospiraceae,-0.202015661,0.009484527,-0.345450374,-0.049357691,0.049975074,genus_Veillonella vs genus_unclassified_Lachnospiraceae,-0.137667627,0.090773341,-0.291497887,0.02310363,0.257256952,1
genus_unclassified_Bacteria vs genus_unclassified_Clostridiales,0.363168292,1.76E-06,0.221369271,0.489928302,3.95E-05,genus_unclassified_Bacteria vs genus_unclassified_Clostridiales,0.311406745,9.42E-05,0.159084577,0.449247874,0.001346131,2
genus_unclassified_Bacteria vs genus_unclassified_Firmicutes,0.230133315,0.003031774,0.078731693,0.371158039,0.02048132,genus_unclassified_Bacteria vs genus_unclassified_Firmicutes,0.062313531,0.445670686,-0.098936016,0.220374298,0.663702916,1
genus_unclassified_Bacteria vs genus_unclassified_Ruminococcaceae,0.299966069,9.53E-05,0.152839982,0.434083678,0.001171096,genus_unclassified_Bacteria vs genus_unclassified_Ruminococcaceae,0.401715149,2.90E-07,0.258067901,0.527985258,7.36E-06,2
genus_unclassified_Clostridiales vs genus_unclassified_Erysipelotrichaceae,0.290596616,0.00016015,0.142799831,0.425716289,0.001776848,genus_unclassified_Clostridiales vs genus_unclassified_Erysipelotrichaceae,0.182785236,0.024199402,0.023203418,0.333283735,0.106824077,1
genus_unclassified_Clostridiales vs genus_unclassified_Firmicutes,0.237728358,0.00217533,0.086711451,0.378065217,0.015426913,genus_unclassified_Clostridiales vs genus_unclassified_Firmicutes,0.068654544,0.400664513,-0.092626118,0.22642479,0.62741421,1
genus_unclassified_Clostridiales vs genus_unclassified_Ruminococcaceae,0.37048336,1.04E-06,0.229392367,0.496325315,2.48E-05,genus_unclassified_Clostridiales vs genus_unclassified_Ruminococcaceae,0.402969792,2.65E-07,0.259464635,0.529064067,6.86E-06,2
genus_unclassified_Clostridiales_Incertae.Sedis.XIII vs genus_unclassified_Lachnospiraceae,-0.189659468,0.01500048,-0.33408474,-0.036532387,0.06874592,genus_unclassified_Clostridiales_Incertae.Sedis.XIII vs genus_unclassified_Lachnospiraceae,-0.222156951,0.00594524,-0.369271235,-0.064180455,0.04064512,1
genus_unclassified_Coriobacteriaceae vs genus_unclassified_Porphyromonadaceae,-0.283407738,0.0002357,-0.419280557,-0.135116916,0.002470786,genus_unclassified_Coriobacteriaceae vs genus_unclassified_Porphyromonadaceae,-0.037778259,0.644022649,-0.196847988,0.123229348,0.809265912,1
genus_unclassified_Erysipelotrichaceae vs genus_unclassified_Ruminococcaceae,0.342020797,7.38E-06,0.198282366,0.471357763,0.000137915,genus_unclassified_Erysipelotrichaceae vs genus_unclassified_Ruminococcaceae,0.154657556,0.057109835,-0.005746398,0.307302391,0.190505373,1
genus_unclassified_Firmicutes vs genus_unclassified_Lachnospiraceae,0.112794704,0.150427884,-0.042133557,0.262425936,0.33840708,genus_unclassified_Firmicutes vs genus_unclassified_Lachnospiraceae,0.23957772,0.002951469,0.082483141,0.385055023,0.023325304,1